x1;x2;y
0,847155034;-1,399948692;2,320641459
-1,826228645;-1,633150903;-1,001832006
-1,053943698;1,856604212;-2,773939156
-1,847986642;-1,963564869;-1,511325086
1,997063614;0,650885466;2,852592731
1,806117787;-1,180061727;3,809778698
1,123696835;-1,872419405;1,138217846
1,08343816;-0,423170875;1,149843688
0,231104926;-1,756793278;1,855479702
1,374783688;-0,713574109;2,505921572
-1,105396154;1,483263309;-1,664052437
0,664946479;-1,84637797;1,777389414
0,843492708;-0,891869797;1,474872403
0,030104932;1,431733045;-1,113251623
0,710561383;-0,599654135;1,418358881
-1,166493834;0,608374158;-0,508850505
1,561106186;-0,177284616;1,124938581
0,803379024;0,374136436;-0,165356679
-0,119342655;-1,77945682;1,856441948
-0,91698753;0,498794332;-1,499815679
-1,745435784;1,486754976;-3,488300871
0,02645238;1,036752154;-1,010306995
-0,009698143;-1,177851152;0,874045867
-1,580021696;-1,437155485;-0,799079374
-1,68508844;0,381740119;-1,978071624
0,377277673;-0,373217649;0,554170983
-0,290192687;-0,572040469;-0,274971346
-1,46000753;0,056873687;-1,327710452
1,700950004;-1,953061732;2,480634155
-1,100302829;1,185344459;-2,176454866
1,819760354;-0,855806857;3,206209451
0,573422153;-0,60086914;0,962180948
0,587007571;-1,054425654;0,834621242
-0,593587183;-0,740508224;-0,189806513
0,194967364;-0,638205106;-0,542975005
-1,768639158;0,787780246;-2,959166923
1,74688543;-0,955118979;3,054644501
1,216723282;0,300308949;0,472119178
0,766576298;-0,799557462;0,782816823
0,521359;0,842066195;-1,133664928
-1,265966581;0,796618665;-1,65587415
1,180576978;0,634084323;-0,761480808
-0,104809269;0,604005334;-1,379165646
1,652712206;-1,169113792;4,296989311
-1,095747802;1,468677404;-2,329802381
-0,931896761;0,90286409;-1,030394727
1,630322766;-1,910922534;4,451131979
1,981404204;-1,422929708;5,657517304
0,647971013;-0,283253884;1,035206355
-1,988680335;-1,790040446;-2,502775641
0,829931099;0,171933005;-0,612931984
-0,582766409;1,814283383;-1,000959106
-0,897389538;-1,119822591;0,39903358
0,852668825;1,453083167;-0,871656629
-0,552912523;-0,918732806;1,446376908
-1,510607421;1,762192008;-2,594835312
0,061234594;-1,431912822;1,716223073
-1,537703985;-1,257895462;0,161511504
0,341592934;1,01399223;-1,717535737
0,417077344;0,485619168;-0,329009739
-1,979461548;-1,458312268;-1,59546519
-1,617380606;-0,340390299;-1,408313895
-1,353244882;-1,568254683;1,332555743
1,854071549;1,653689985;0,927503137
0,056613661;-0,287365345;1,731110205
-0,232884961;-1,041905992;0,988079398
-1,968668144;-1,876209803;-1,780076147
-1,145484344;0,338519653;-0,691302581
0,453181314;-0,8107333;1,295590207
0,823230422;-1,134549424;0,937913769
-1,642035041;-1,075512038;-0,339782542
0,880547634;-1,868242548;2,301069034
1,064667801;0,890612471;-0,63072798
1,210511791;-1,839423939;2,388063846
-1,180827363;0,75472852;-1,83636351
-0,398416922;-0,465438412;1,073434079
0,475164478;1,510600961;-2,505232399
-0,656820587;-0,199290856;0,181060768
1,793310972;0,254069251;1,970047017
-0,650723007;0,434224032;-1,570917021
0,612380547;-0,213015925;0,789670533
-0,42503225;1,804857546;-1,800533386
-1,669335903;-0,484031062;-1,479319084
-1,554338246;-1,9135631;0,548855652
0,791528787;-1,97584538;0,954644168
-0,744536847;-0,906293839;-0,155414702
0,167425532;-1,499653868;1,323065036
-1,208996684;0,142690389;-0,824042449
1,42817142;-1,597836665;2,049204612
1,095187839;1,498639619;0,270647175
-1,662766237;0,522754373;-2,279369423
0,233990092;1,051947391;-1,423714626
0,304498557;-0,882473134;-0,424459106
0,750189324;-0,578915913;0,949082639
1,308510577;1,851909932;-0,755398829
-0,299653841;-0,030146147;-0,178076699
-1,246457595;-0,93324182;0,502470919
-0,673104609;-0,357784434;0,122947736
-0,686400297;1,753137701;-1,393514336
0,279881234;-1,244945661;1,63111767
-0,420588165;-1,607898519;2,055582905
-1,81019485;-1,028166513;-1,428646649
1,480262142;1,53591819;-0,08454398
1,767630751;-1,260357051;3,398613977
1,849607179;-0,840874154;3,846119782
-0,392810331;1,347426945;-1,219170025
-1,932424004;1,781975172;-5,545098429
0,403143888;0,909546791;-1,625914712
1,04501469;-0,235045564;1,331528242
-1,858750768;-1,783600608;-1,50704197
-1,25255114;0,617660958;-0,561489935
-0,774391403;-0,990125483;0,896000855
-1,49472174;-1,320501884;-0,11896235
-0,251678343;-1,539019211;0,63969115
0,513747087;0,947046926;-0,80978992
1,826578885;1,702688608;0,917689869
-1,676072402;0,416142896;-2,756844793
-1,290812421;0,280774125;-1,074441896
1,439221611;0,621823282;1,212075351
-0,138081428;-0,448707624;0,316119304
-0,911741353;-0,700892276;-1,420561192
0,839982954;0,411009379;-0,980855624
1,722346491;1,847509764;-0,264377296
1,714053752;0,586356116;1,293382063
-0,341654575;-0,611876142;1,104564709
-1,205279487;1,352999799;-0,793272257
0,744714307;1,500468031;-1,377505739
0,506998937;0,191660291;-1,312900366
-0,734686267;-0,377778217;-0,993650968
0,242741023;0,474058938;-0,193146532
1,055505018;1,142682699;-0,567471712
-1,07709307;-0,32397183;-0,285234054
-0,513190962;-1,101678807;0,876347055
1,512635243;1,95972392;-0,508444759
1,892922593;1,334528126;1,255341038
1,489040136;0,873874163;0,481773607
-0,972244802;0,394612822;-0,071217103
-0,352936165;0,130191768;-0,966611106
-0,620580227;0,866021665;-0,138932231
-0,691184867;0,067238449;-0,091317908
-1,821092652;1,646266266;-4,622583388
-1,454058284;-1,157960899;-0,58045863
-0,986142996;-1,109877034;-0,286428206
-0,439045079;0,694930715;0,85549426
1,141627594;1,008372217;-0,349695759
-0,203337801;-1,754739388;1,560856738
-1,175837238;-1,470688827;1,498115408
-0,644434905;1,199845274;-1,107511508
1,682089447;-0,100626343;3,001939061
-0,682873555;-1,857957865;0,888641178
-1,127051156;-0,025274098;-0,721367327
-1,781885769;1,692727832;-4,290584681
1,954138918;-0,304301481;2,55975811
1,283152719;1,744338147;-0,738236765
0,089048058;0,407845431;-0,122034105
1,060403875;0,878785318;0,340653556
1,273625244;1,22429369;-0,481435312
1,516068803;-0,666406;2,418709884
-1,025914124;-1,252451936;-0,563680876
1,395207581;-1,12860466;1,471749696
-0,757826633;0,569628837;-1,375315396
-1,088753937;1,736016075;-2,754703557
1,993936841;0,516937763;2,771355715
0,075125114;-0,39009707;-0,564349541
1,191023998;1,488516446;-0,902597597
0,009130159;-1,478267677;1,90607241
-1,658551658;-1,60345586;0,330820858
-1,268219192;1,792171595;-2,129404571
-1,688291911;-0,227741945;-1,775108686
0,703883343;0,114974995;-0,723454435
0,076418897;0,003713453;1,274333818
-0,936144192;0,596291633;-0,88905047
-0,50912388;-0,77248075;0,453991567
1,443979257;1,006030592;0,825587286
0,067159533;0,427274119;-0,248230534
1,435823071;-0,134977102;1,953742217
-1,7607972;-1,010348354;-1,786846227
1,073178218;0,093373975;-0,061234416
-0,597936959;1,522263972;-2,848710152
0,223149911;1,515472296;-0,939745704
1,2789673;-0,680905113;1,064602197
-1,049159806;0,088712131;-0,994305193
1,376652113;-1,982284241;3,30730702
-1,329594143;-1,272594751;-0,405841312
-0,458268384;-1,797529884;1,835691707
1,749301502;0,279110466;2,704858241
-1,221466767;-1,304254941;0,160593441
-1,334270434;-0,791026359;-0,476829639
1,231008845;1,304749922;-1,184942973
-0,823346638;1,088941732;-2,140143981
-1,132187717;1,161427702;-2,850618349
0,565217975;-0,242013742;0,023622374
-1,236955349;-0,805315662;0,868308212
-1,868429553;-0,083921533;-2,599196159
-1,605923496;1,023420564;-2,935329104
-0,092901688;0,957990593;-0,470368583
-0,642904808;0,531813276;-1,499051092
1,341972056;0,177212366;0,473110345
-0,885358612;1,09570942;-1,74002095
1,178206958;0,270973913;-0,15456176
-0,608687652;1,179019925;-0,940678016
0,467914916;-1,451154631;2,106199528
0,968117734;1,182710157;-1,11803295
-0,590816427;1,715776061;-2,332345511
-0,199573168;-0,760543176;1,241754884
-1,881026438;-0,946373322;-1,991465479
1,034481957;0,494102859;-1,059781076
-1,597852396;0,306174259;-3,047580514
1,425662191;-0,725985025;2,057174831
1,159599572;-0,750130837;1,826820713
1,522733034;0,446446018;1,177469507
1,76007115;1,218131079;2,055592885
-0,100660211;0,242157276;0,065583966
-0,802225583;0,859294032;-1,043330953
1,413516432;1,910834528;-0,858215821
1,106418629;0,713160715;0,584106025
-1,629602685;-0,314515283;-1,177650835
1,537641249;0,244923353;0,823978183
-0,072587703;-1,586781469;1,215825582
0,369488904;-1,357577773;0,647507541
1,320520451;1,625467713;0,95249995
0,287295178;1,568058883;-1,421318509
1,604604531;-1,580598115;3,430729854
-1,371334167;-1,764923974;0,405974261
-0,243753453;-0,736915043;-0,520985324
0,848106775;-1,460596356;2,460255422
-1,981077635;-1,018719107;-1,847242966
1,929578287;-0,561194615;4,244907323
-0,158961227;-0,439612107;0,033511089
-0,74347573;0,450762555;-1,435912093
-0,317021756;-0,822769666;1,314970431
-1,380372145;-0,499723219;-0,482809518
1,460266422;-1,768244093;1,970089386
0,656164658;-0,109028959;-0,473508165
1,810085679;-0,536711665;2,985145462
1,336800889;0,682985554;1,368703352
-0,49924027;1,968509069;-2,467690242
0,692541881;0,557154598;-1,114687983
-0,871992126;1,382665549;-1,42517499
-1,765641249;-1,39387781;-0,242554075
-0,95896563;-0,098540793;0,123985588
1,614403952;0,063474355;2,938681044
-1,560366076;1,451037164;-2,867723998
-1,071760627;1,409940408;-1,903012482
1,011068827;-0,632988877;0,444467257
0,157840477;-1,474246717;1,848156511
1,111990989;-0,297502312;0,142787233
0,411069206;-0,462226995;0,209258198
-1,819855861;0,613724589;-4,253783103
0,950296911;0,716281442;-0,561272912
1,271527545;0,69947999;0,863599914
1,467322719;0,229003465;1,045774044
0,519940674;-1,618934949;1,264179053
-1,995267357;0,774598979;-3,853084949
-0,953484016;0,982597398;-0,872117662
-0,239728237;-0,845709274;1,612036588
-0,485932341;0,209731095;-1,041881911
-0,947652082;1,572045374;-3,599925072
0,653978264;-0,19414403;-0,264276493
-0,384581794;1,298244559;-1,285935037
-1,93752172;-1,566043537;-1,464736257
1,174239295;1,284545574;-0,77730929
0,393992097;-0,55888494;0,485667361
-0,195525294;1,651291898;-0,518808829
1,599994985;-0,901070362;2,015593708
-0,539667161;0,950688479;-0,703794769
0,81499103;-1,629884225;1,326688895
0,533019952;1,768958843;-1,8796551
-1,421085345;0,018378451;-0,950228562
1,838432145;-0,969804403;2,614515091
-0,140516934;1,94918207;-1,02478492
-1,975208485;0,756339224;-3,325343293
1,873483369;-0,363223171;3,396133021
0,45097208;1,283417149;-0,89825718
1,014122552;0,257244489;0,458286907
0,889551104;1,293845875;0,330523433
0,334087207;-0,410379419;1,032022218
-1,521038218;-0,631251471;-1,203417199
1,924568002;-0,73301415;4,54688427
-1,646106521;0,777718735;-2,118787285
-1,626269215;-0,426180314;-1,753259789
-1,396678329;0,325235322;-1,300877803
-1,802280723;-0,70767095;-1,295096348
1,444202062;1,887221207;-0,801210789
-0,080893985;-0,491456426;0,098623247
1,903110183;-1,787029984;5,054349348
-1,346267532;-0,619038721;-0,379569762
-0,615010253;0,749674607;0,253904142
-0,818102821;1,115452242;-0,827262368
1,232863093;-1,328767977;0,682648312
0,539319754;-1,741909737;1,550961727
0,330472877;-0,354722434;-0,221795125
-0,173999028;1,133951466;-1,417074546
-1,477226765;-1,925407243;0,61264618
0,501658702;-1,386484342;2,274950303
-0,167209851;-1,037906578;-0,008424518
0,959831289;-1,015265747;0,61121473
1,098155024;1,087232463;-0,259616546
-0,245873145;-0,121345774;0,690686279
1,527266803;-0,979420083;2,871820518
0,817663716;0,533512943;-0,68046025
-0,494913046;0,334517708;-0,202415098
-1,963998669;0,822738405;-5,260243665
0,785138715;1,777433638;-1,644823522
1,002120482;-0,795092099;1,033381162
-1,361391142;-0,183369518;-1,060115022
1,592185404;1,167293863;0,371657367
0,810698927;-1,588090997;0,66699342
-0,185795602;1,902904018;-1,832691344
-1,096669628;1,561753794;-1,505962907
1,55080261;-0,064191761;0,771981965
0,38262862;0,076541351;0,509039506
-0,894616821;0,249729457;-0,190105373
-1,045943672;1,406360873;-2,115153111
-0,949039666;1,276653822;-0,413381842
1,724957858;0,031924149;2,55641707
1,752428123;-0,106222962;3,374912612
-0,625238361;0,591166882;-1,515009097
-0,778411165;1,443570353;-2,09542632
0,133746835;0,026785333;-0,361148978
-0,03765039;-1,123608361;0,613142587
0,498059187;1,681370202;-1,595052685
-0,444224572;-1,812517373;1,754671428
-1,759846125;-1,966752972;0,23500266
-1,575618502;-0,277527775;-1,312140835
1,943579218;1,827054039;1,246689151
0,680642815;1,40340009;-1,886432573
-0,669510845;-0,395098842;0,745015361
1,504498099;-1,695882172;4,087475363
-1,379420119;1,799107592;-3,690209865
-0,481734002;-1,861241195;2,213062216
1,704261992;-0,238333581;2,68697747
1,300021417;1,419650961;-0,120484013
0,24499124;-0,004368447;-0,764767277
1,150298596;-0,053400258;0,883060045
-0,14697399;-0,771545757;1,340192077
-0,132809987;1,435011719;-2,077541725
-0,415298127;-1,884542002;1,031783618
-1,351049382;0,745261133;-2,559291164
0,326381669;-1,025358498;1,756936178
-0,225247168;-0,210141317;0,201126597
-1,038360203;-0,717115653;0,334114929
1,327141757;-1,059472295;1,792046214
1,648959603;0,870947915;1,227893327
1,356381694;-1,302339155;1,757504325
-1,284413075;0,97882763;-1,826606229
0,111271629;1,395621902;-0,835071093
-0,789661083;1,758897801;-2,129949143
1,708148474;1,123926205;1,462765724
-0,048562294;1,994546238;-2,404626172
0,946464811;-1,378855509;0,301089015
-0,78076676;0,928090616;-0,475506426
-1,743248457;-1,066305703;-0,436307411
-0,36742703;0,637692758;-2,193996148
0,670664216;-1,089314846;0,456606261
0,622963026;-0,455482954;0,812435625
-0,873535571;-0,434529493;-1,047908603
-0,210152365;-0,698619863;1,063028098
-1,787936472;1,517945799;-4,374009273
-1,726325375;-1,046202063;-0,872292176
0,5680972;0,839601296;-0,076239755
1,255388692;1,895120755;-0,720050732
1,170418561;-0,999273934;2,511970947
-0,724960637;-0,162810798;-0,795497637
0,386394617;0,880035174;-0,53338076
-0,50728632;-1,270751735;0,983152686
0,020986234;0,802734727;-0,349133537
-0,27310231;-1,310019407;0,728597772
-1,895824168;1,322863536;-4,436613334
-1,867414605;1,862021802;-3,739671432
0,931193427;-0,62181193;0,983123239
1,079740453;0,670522342;0,030279731
1,578437876;-0,365210663;1,882702447
0,494372878;-1,000382312;-0,041981334
-0,283870508;1,866755044;-1,956019414
-1,156392723;0,101687939;-0,846961979
0,298622927;-1,612762665;1,018998655
-0,465646995;0,97201082;-1,910811202
-1,001525728;0,731360878;-1,570612193
-1,199517052;-1,733149469;0,847265459
0,491993271;-1,848673777;1,55456573
-0,284092733;1,66444823;-2,197121914
0,147594625;-1,28236084;1,547815852
-1,879445841;-1,414787097;-0,789854637
-1,150821791;0,175497182;-1,172147892
-1,790993942;1,368306265;-4,21392575
1,716788853;-0,418144669;2,905486479
-0,085112513;-0,337005836;0,20347096
-0,450984419;0,897493811;-0,387058816
0,128842049;1,078387957;-0,763868553
-1,063133161;0,66199955;-2,166536738
0,639353926;1,880515154;-1,399983709
-0,030122743;1,504454257;-2,142512091
-1,122506138;1,479068187;-1,158678908
-0,017507523;0,985314082;-0,987247201
-0,026854754;1,643155962;-0,58369391
1,24086412;-0,294475342;0,536769575
-1,918559457;1,800669654;-5,458222331
0,609357137;1,539613409;-1,232609792
1,966896205;-1,515898747;4,248040054
0,050940132;-0,899514844;0,351379216
0,731512184;0,012883663;-0,481299497
0,733010627;0,551744539;-1,953065343
-0,981112325;0,096281371;-0,888684371
-1,591007426;-1,417152749;-0,142119289
1,198582381;-1,68553828;2,479167914
1,493336097;0,328590316;1,265475189
0,282332184;-1,409165771;0,643382413
1,644235012;-1,087819554;3,169921262
-1,564510723;1,593629872;-1,936453263
-0,377471189;1,724177668;-0,74551908
-1,169519491;-0,187723163;0,201385182
1,685145752;-0,021077077;2,947863562
-1,215732361;0,42274203;-2,010716045
-0,79536183;0,109050783;0,365310779
-1,374649732;-0,221929354;-2,004802624
-1,720684924;-1,404434105;-0,847668596
0,632271929;1,415310951;-0,708348423
1,116732629;1,027760537;-0,209741707
-0,700256147;-0,146591528;-0,787330861
-0,988744395;-0,042128824;-1,21024084
1,658058543;1,663665306;-0,435609579
-1,533781877;-0,257901788;-1,488661053
1,214310241;1,195532499;-0,497458474
-0,123507898;-0,494521019;0,923658801
0,867923929;0,00632378;0,629364704
1,455226408;1,612142009;0,390649106
0,274442884;-1,680790409;0,558954711
1,588703449;1,718037367;-0,500798004
0,127008083;-0,507560423;-0,207981132
-0,850800032;-0,049766381;0,040214033
1,486596025;-0,255848151;1,695115357
1,856606397;0,577347176;2,650030062
-1,190390652;-0,956852512;-0,977720464
-1,89678502;1,920345635;-4,555151371
-0,971195468;-0,676639493;-0,316776323
-1,392054931;-0,412176171;-0,355288426
-1,504839954;1,817728481;-3,242176383
-1,358530316;1,981721634;-1,78399126
1,404209374;0,264046447;0,607296866
-1,571148959;1,250363569;-3,135866175
0,987859195;1,552674089;-1,960415235
-1,439476873;-0,333535634;0,02202617
-0,549306061;0,995183188;-0,1265341
0,921778875;-1,745264636;1,73361654
-1,776796422;1,23666859;-4,217247251
1,699793459;1,139969635;0,634442719
0,191258265;-0,245907937;0,482958743
-1,601491479;-1,194276834;-1,159445129
-0,114122426;-1,662341844;2,076674053
1,950956753;1,767930384;0,70270786
0,917735554;1,211324118;-0,829447736
1,938702447;0,216809089;3,331736276
0,616165178;0,342965152;-0,160814012
0,257515992;0,154930439;-1,393857501
0,579361256;-1,447019359;1,611319032
-0,977868388;0,916054744;-0,538451677
0,093169337;1,589011184;-2,262912151
-0,292294838;-0,445632771;0,169652028
1,037050147;-0,985652335;1,610308381
0,804117892;-1,892002328;1,633247983
-0,705247475;-0,368478472;0,151581434
0,253313143;1,493963425;-1,175850562
-0,692697557;-1,704540098;1,379786308
-1,313800461;-0,753427407;-0,270188541
0,626430769;-1,595895368;2,513664452
1,947761815;0,290083964;2,899409436
0,099864585;1,386151355;-2,1582227
-1,940987969;-0,384686052;-3,557718332
-1,444877894;1,622912412;-3,476394109
-1,848555946;-1,738509243;0,257233032
-1,417220351;-0,154070294;-1,435713201
-0,020912653;-1,828818345;1,985757605
1,476401912;0,782787233;0,466723672
1,313159705;1,018144598;0,643990922
0,998265006;-1,723027578;2,019194283
1,739447631;1,131826588;0,915606664
0,292150617;0,389334014;-0,521217583
-1,470988202;0,292598493;-1,239638273
0,546534477;-1,214240685;1,961846867
1,261485969;1,325613291;0,038067252
0,905082641;0,77017398;-0,484519889
0,198255885;-0,270032125;1,087840969
-1,142953074;-0,00968145;-1,142641804
-1,408640129;1,965472556;-3,025607799
-0,807700045;0,94357617;-1,592649216
0,911022717;-0,816280449;1,503752851
1,624435601;1,159610351;0,03229676
-0,906132042;1,314213634;-1,304756542
-1,109119086;0,907547657;-0,476585954
-1,387069976;-0,482047433;-0,528908039
-1,243185361;-0,273836146;-0,013863419
-0,711417111;1,630955443;-2,009603691
-1,832655918;0,704767761;-3,532625211
0,743195274;-0,729059355;1,406693034
-1,594928308;-0,468021866;-1,421964153
0,661638486;0,200144307;-0,758564832
-0,833204153;-1,485134353;0,472896091
0,477946742;0,317453025;-1,244843906
-0,633901585;0,147335918;-1,165177976
-1,797434959;-1,834680834;-0,102000136
0,140187749;1,002797568;-1,314187871
-1,229273203;-0,56953837;0,378657746
1,959428754;1,670127689;1,911118182
1,347281848;0,849509622;1,117378942
-0,523566321;-1,923363335;2,063337175
0,642439776;-1,389303879;1,864578568
0,675678237;1,619354388;-2,459191008
1,83332228;-0,849510191;4,611703753
-1,946028423;-1,207682134;-1,678507155
-0,390689547;1,1272157;-1,788466913
0,34419625;0,227226716;0,184555992
-1,193424648;-0,58954004;0,497554043
-1,51785536;-1,098825148;-0,299426314
-0,534480208;1,772408317;-2,133674617
1,258948707;-1,647175631;2,670559578
-1,984269055;-0,669996445;-2,414658096
-1,414336188;1,042715585;-2,465608929
1,164128314;-0,260936237;0,688990969
1,769764321;-0,033574094;4,001988955
-0,33957885;0,371905083;-0,655889762
-0,815566448;-0,52620881;-0,277575115
-1,503951985;1,259991859;-2,930026443
0,630430871;1,705313379;-1,564572186
-1,525116135;-1,667534707;1,19302808
1,846683829;-1,20361286;3,029976715
-1,136518752;-0,308399392;-0,464746052
1,63354935;0,07159162;1,342281857
-0,312744764;-1,888737058;1,511805533
1,638573804;1,302359584;-0,872347057
0,148592699;-1,956572089;1,357897732
-1,830991831;-1,627815725;-1,468231476
1,558150829;1,697105011;1,110956548
-1,277692973;1,055483462;-0,723389463
-0,809428391;0,806621142;-2,372577408
-0,065755325;-1,352878373;1,315552851
-1,96736069;-1,9166867;-2,413266822
0,697004697;-1,943937069;3,091733187
-0,300287858;-0,75617866;1,059588378
0,446367458;-1,749274183;1,945913552
-0,406612491;-1,150890333;0,340441279
0,339637635;-1,155249929;0,963341241
0,313254227;-1,276202275;1,575962205
0,043124627;-1,371120773;0,733796413
-0,213959871;1,722367334;-1,224045224
-1,475978108;0,186014987;-1,103534751
-1,794265537;0,377758546;-2,617069616
0,236924886;0,788301655;-0,777735582
0,202458626;0,653085568;0,919159461
-1,706476035;-1,020420589;-2,401160939
-0,853458327;-0,170726507;-0,322077292
1,352360092;0,934288665;0,337936983
0,480661869;-0,857768353;1,63215129
-1,116299296;0,04399032;0,462547215
1,759719302;-0,166842986;2,848436395
1,223900498;1,34241371;-0,604840067
1,021305945;0,504876955;0,58228654
0,319103646;0,574256097;0,455420411
1,666660418;0,137114082;1,89369926
0,112605458;-0,191959146;0,181435861
-0,372875082;-1,48895078;2,186864487
-0,428123328;-0,093699667;0,486699477
0,601697274;1,05909304;-1,715141748
1,991947382;-1,63892718;5,120636371
-1,131466472;-1,092348263;0,982857428
-0,678864991;1,596796158;-1,432412253
1,385703766;-0,540881077;1,948167011
0,927619702;1,069188509;0,150505792
0,897209811;0,56683932;-0,749671282
0,527087747;-1,526147591;1,688109449
-1,405931242;-0,893528104;-0,505005834
0,962916456;-1,609999567;2,255620039
-0,478147704;0,453708465;0,670357205
-0,601559628;1,119831849;-2,362869869
0,00597305;-1,559037641;1,588211461
0,36316062;-1,935000171;1,106792444
0,83219976;1,24534835;-0,31888846
-1,920144024;1,035280349;-3,017569284
1,787471107;-1,808774107;4,10716165
1,071881864;1,096044874;-0,68847808
-0,529985199;-1,804286689;2,047261839
1,884956078;1,212349808;3,508219559
1,040629874;-0,785473925;1,11941546
-0,585275664;-0,30216287;0,188777022
1,688300785;-0,777623359;2,446175188
1,663908904;-0,582992766;2,805970563
-1,957298183;1,73447873;-5,016154293
-0,921029236;1,241844168;-3,56498479
-1,019874957;0,764783491;-2,115192443
0,597155997;-1,79231592;1,999752325
-1,07316639;0,14967976;-1,059960835
-0,09092426;-1,11565616;0,783656104
-1,033847703;-0,508965703;0,329290057
1,500323828;1,270544581;0,227467074
-1,022690078;-1,327341032;0,978983672
1,136350113;1,749829539;-1,096870028
1,365800522;0,831957672;-1,421063078
0,779115289;1,044248701;-1,358459069
-0,544225106;0,826921186;-2,322046965
-0,188309349;0,320724262;-0,678829373
0,430848981;-1,209632977;0,129068897
-0,502797333;-1,31604005;1,992753408
1,975365551;0,847592195;2,58831295
-0,569736973;-0,036530637;-1,561633193
0,407873603;-0,564362011;0,455980954
0,689540291;-1,351295936;1,891929465
-1,812736674;0,275715205;-2,622616933
-0,217431418;1,100666631;-0,490931206
0,08447694;-1,426908722;2,035159288
-0,161457742;-1,988705945;2,706083869
1,840804149;1,610013823;1,346886218
-1,559447307;-1,338449466;-0,293459908
1,456234553;-1,29973588;2,249275288
1,289325354;0,625432289;-0,554825668
1,56970754;-1,904650763;4,25321108
-1,485037786;-1,360227637;-0,272152032
1,977982628;-1,365398519;4,018016887
-0,655529718;-1,653606752;1,137651897
-0,381565158;-0,229524014;2,341858071
1,57200234;0,461059869;0,707290334
-1,488178853;0,051863426;-2,184937865
1,351096613;0,647210448;0,50339743
0,068025634;0,397620662;0,402278097
1,861921666;-1,898539336;4,529327712
-1,905297836;1,26263863;-3,409908685
1,316709984;-1,480582319;2,906593984
1,799060575;-1,543414555;3,93977555
-0,729172498;1,254940461;-2,224453083
0,825243214;-1,063259189;0,316899256
0,103831708;0,560902467;-1,375679926
-1,999659449;-1,452086603;-1,149396422
1,026799998;-0,673177153;1,041351616
1,960631767;-1,23683187;4,809658216
0,261451174;-0,326081212;0,357159694
-1,311987743;-0,783321559;-0,378091205
-0,265503615;0,927156798;-2,373010294
-0,524866456;1,929312895;-3,84493881
0,992192563;1,933326419;-0,982446163
-0,419611543;-0,643157786;0,374924579
-1,577123785;-0,914122678;-0,90732624
1,200835204;1,69058335;-1,12906209
0,686894739;-0,017740177;-0,139706242
0,972264213;-1,880109981;1,7633146
-1,301773448;1,674879534;-2,13690612
0,268458612;0,691650408;-0,819150443
1,545150208;-0,612145486;1,514455958
-0,631858475;-0,544643457;0,787066943
-0,350772804;0,165940489;-1,515726645
1,602617275;1,206553976;0,494199582
0,301955455;1,602867356;-2,371370886
1,532902209;1,65743569;0,842312592
1,473810985;-0,217821898;1,482068216
-0,25405403;-1,146499522;2,096244114
-1,2263639;-0,688290356;1,395590609
-0,828433235;-1,576192801;0,09729179
-0,995973023;0,600531965;-0,583469934
-1,807813148;-0,942435016;-1,183207147
1,102418171;-1,501897986;1,802780532
0,582358488;-1,902285341;1,44364349
0,052598493;0,721926987;-1,101948294
-0,766151831;0,962559507;-1,726018427
1,823708902;-0,347657653;2,485356479
1,238546435;-0,457538049;1,654551193
-0,543340436;-0,127180288;0,634380768
-1,925229095;-0,248368728;-3,423159126
-0,61966537;0,76114464;-1,496521645
-0,059293618;0,853612221;-1,71932837
0,942536775;-0,961340577;0,808831834
-0,840266249;0,159474923;-0,237956447
0,510665855;-0,930540756;0,492501093
-1,889886851;-1,827695857;-1,085770238
-1,260951166;0,544218872;-1,769166533
0,351386403;-1,9799697;2,333668471
0,178072067;-0,061453673;1,124200029
0,754216021;0,630554317;-1,252019386
-1,234775555;-1,669025002;0,443953867
-0,126589213;0,367699866;0,125416761
-1,874549438;1,740489485;-4,698775029
1,246600432;0,734446716;-0,61815192
-1,20017749;-0,046444129;1,239869333
-1,621496996;0,658290319;-2,624523605
1,133187565;1,557787248;-2,519672735
1,295318041;-1,701116662;3,04712876
1,742539997;1,542214843;0,10881216
1,416255621;-0,908307486;1,434726498
-0,007853952;1,36569574;-1,535200027
0,878115987;-0,057782886;0,589474398
-1,388614597;-0,32806602;-0,038512548
1,677290648;0,965967319;1,083437992
-1,4417888;-0,148031282;-0,737151508
1,088050165;0,116941351;0,755984241
1,72949639;-0,407906632;2,996004818
-0,071044043;0,075314965;1,125202768
-0,148459953;1,42356659;-1,934984088
-1,336042162;-0,173048935;-1,773891703
1,400910874;-0,593283615;2,585026551
-0,003997206;1,438909143;-1,623054403
1,55467378;0,457357674;1,199029692
-1,609284114;1,150064419;-3,925575138
0,289750626;0,312038947;-0,365815955
-1,860559519;0,236403687;-2,363066268
0,214100625;1,472557724;-1,008183081
0,797025903;-0,767076235;1,293127098
0,168107836;0,937655183;-0,531932479
-1,498043449;0,298136023;-1,606785761
-0,434052487;0,046163595;-0,412410304
-1,61542626;1,456498493;-3,030912764
-1,082661602;0,593887093;-1,306669767
-1,085187439;-1,928113439;2,224282435
-1,913466458;-1,841468201;-0,216782455
1,640663975;-1,493273158;3,258716611
0,594809893;-0,69234408;0,598188138
-0,74806342;1,466847905;-2,258339129
1,587590083;-1,0065213;3,087833604
1,030271728;0,991341977;0,557299667
-0,605976282;0,363226339;-1,507337968
1,673191421;0,832752941;1,111011739
-0,327871687;1,952840999;-2,356120327
1,528886108;0,818924599;0,840615049
0,763917885;-0,584840295;-0,621302293
-1,719155342;-0,072071235;-1,704177739
-0,307550137;0,354176761;-0,170565246
-0,880127718;-1,948788513;1,572987938
0,211048519;1,350928482;-1,60491193
1,018481893;0,205177719;-0,939533274
1,669325328;-1,866747311;4,63154785
0,219905398;-1,346323625;0,348886449
-0,739694475;1,35856074;-1,601169403
1,80184616;-1,137166742;3,393024004
-0,660323631;0,640786964;0,224961077
0,034947512;0,862369134;-0,476304932
0,35972285;-0,650690786;2,002473826
1,20423765;0,539920387;-0,179359456
-0,998303172;0,083990196;-0,676747358
1,129046429;-1,219499765;2,211545883
0,000105773;-1,049212386;1,431848043
-0,47486802;0,194157392;0,642533339
-1,340993567;1,274065013;-1,537951722
-0,96320315;-1,242141789;-0,58733997
-0,206966835;0,667939112;-0,148024385
-0,573786872;-0,829036658;1,210224262
1,306392666;-0,430460536;1,934039241
-1,712360144;0,466643893;-2,067205345
0,736365245;1,081439845;-1,145876917
1,790284394;1,1105132;1,258912393
-0,560178549;-1,291436192;2,204764844
0,915390426;-1,293555282;2,033676658
-0,36353021;-1,712572473;2,172788505
-0,454095936;0,482660048;-0,93576232
0,870532905;-1,286219895;0,789619489
-1,547745677;0,675241577;-2,004808504
-1,152217808;0,351019812;-1,891746966
-0,040809327;-0,349929578;1,014754223
0,459779349;-1,46689654;1,350520517
-1,056344401;-1,729591621;0,802214186
1,898900526;1,808357657;0,283505112
1,583902565;-1,140436281;2,194193054
-0,771348953;-0,500817272;0,779174039
0,965125882;-1,383117141;1,667174251
-1,541163771;1,189005026;-3,214247475
-1,74906663;-0,403889029;-1,58710335
-1,736860566;1,316904924;-3,386178187
-0,357553967;0,106764622;0,092327642
-1,530303434;1,891772789;-4,149050901
-0,400115709;0,198273706;0,004910677
1,362619007;0,514341382;0,0744329
-1,27451516;1,328852432;-1,624020534
-0,04795746;-1,817783533;2,581161125
0,046146356;1,530297501;-2,150776482
0,414566885;1,388756598;-1,11017787
0,72346262;-0,52358876;1,124534646
-0,859590842;0,711283053;-0,428365138
-0,942663539;1,871941369;-2,873293898
-1,32286369;1,679464423;-2,670351446
1,917161217;-1,521063384;3,61778557
-1,04241606;-0,530087369;0,215857057
0,979741377;1,377845579;-1,019581444
0,469906077;-1,993600673;1,469937935
-0,964419679;1,578950126;-1,370191411
0,77373233;-0,723155834;0,434663277
0,18180872;1,926724603;-1,331593451
-0,713003352;-0,995744893;1,005710536
0,014258691;-1,561405006;0,76284873
-1,280165921;-1,312947765;0,95354767
1,510809065;-1,774142215;3,879664044
1,540666496;-1,698747507;2,538785946
-0,799263289;1,832624412;-1,116085098
-0,567031906;0,508419973;-0,381461904
1,449596898;-1,947691057;2,692186587
-0,334845173;0,701158653;-0,195545841
1,153936166;0,233105052;-0,069923714
1,81309633;-1,621850776;4,373389092
0,017128545;-1,229802465;0,714614753
0,227422148;-1,985723657;1,873217705
-1,674110071;0,894953407;-2,883250718
0,555343268;-1,763532268;1,752783462
0,894805986;-0,921609041;0,817497648
0,399521413;1,544201995;-2,383070331
-0,276426847;0,21545225;0,206320901
1,567347799;1,987803042;-0,561092315
1,006236218;-0,973607899;0,244600943
-1,773469957;1,289582594;-2,650342192
0,487523433;-1,676246063;1,995680553
-1,29564207;1,26497753;-2,790989437
1,388418767;-1,162632343;1,4904398
0,321408726;-1,726431216;1,235571092
0,160244488;1,973113267;-1,965893228
-1,030052317;-1,343334189;0,686497908
-1,853417645;-0,624793709;-2,083077439
1,08652469;0,740960674;-0,8986604
-1,928329165;0,969587404;-4,307538777
-0,153683437;-1,550461356;1,423186019
0,122048085;-0,476832229;1,03371053
-0,261707646;-1,656331564;1,811381183
0,885786708;-1,107636271;2,03878713
-1,666770799;-1,504204207;-0,14477504
-0,177518039;1,919801034;-1,300263349
-1,949940656;-1,554589139;-2,162831291
-1,009036626;0,724116085;-2,411655489
1,912769254;1,54982867;2,045766847
0,902711313;0,086623388;-0,645089164
0,795308203;-1,068206362;2,172687144
-1,729989334;-0,948978459;-1,045989265
-0,111526694;-0,534310004;1,133441689
1,146491166;0,308496219;0,552381098
-0,269501241;-1,196394664;0,958127495
-1,84256031;-0,517639202;-2,462471465
-1,681187038;-1,93878211;-0,805246697
0,437624745;1,154158231;-1,768189326
-0,717786883;-1,547594323;0,164289118
-1,318247838;1,633765724;-1,171340406
0,136509096;1,031045272;-1,466101556
0,86237915;-1,23366154;1,513847789
0,352236998;0,811445463;-0,584884259
-0,061076586;-1,708124243;2,450719227
-1,551893106;0,415444001;-2,533535591
1,7822767;-0,084190698;2,181862293
0,264877862;-0,832600646;-0,041951291
-0,320297463;-1,575330648;1,99839322
0,364553346;1,363155463;-1,545843021
0,561911466;-1,083797495;2,149229857
-0,754188315;-0,872310175;0,364650642
-0,933306099;0,284575197;-0,247047349
-1,698814124;0,915974062;-2,495460317
-0,488011818;-0,684575919;0,521579353
-1,29696781;-0,554455685;0,744457485
1,194210183;-1,688530575;2,650019623
-1,448635503;1,788603739;-4,064182164
-0,847098366;1,784350282;-3,286919526
-0,785562422;-0,119802506;-0,079412682
-1,694363027;-0,143196029;-1,678997629
-0,328865648;-0,200551899;0,171425696
0,75799878;1,9899533;-1,959663086
-1,655756611;0,442462388;-3,397074877
0,58840537;1,912278482;-2,317467509
0,080042805;-1,433912211;0,743515013
-0,228172637;1,636028359;-1,643696004
1,163598577;1,144862694;-0,228243136
1,777758584;-1,443765319;4,028577447
1,112181532;1,168669636;-0,827936936
0,713998586;-0,014703996;-1,259265933
0,435600095;-0,47549461;0,527355078
1,883684591;-0,002533374;2,599295435
0,678478705;-0,136352271;-1,381530169
-1,32483624;1,943491549;-2,541847614
0,42592045;-1,175865459;0,384093541
-1,708648424;0,020034435;-2,684848738
1,298887962;-0,512719196;2,493238752
0,704938286;-1,166153603;0,003274041
-0,468345386;0,439420189;0,367352729
0,310307794;1,606195227;-2,610711845
1,693908137;1,374476265;1,007669493
1,92315046;1,446838612;1,532840653
1,90735412;1,820460159;1,429544858
-0,463206747;0,815144435;-1,209210486
-0,861702358;-0,657935464;-0,053689975
-0,82592879;1,853265323;-1,758219381
-1,638264972;-0,74434785;-1,448517875
-0,40974621;-0,319954393;-0,515318325
1,987982162;1,686509286;1,16072008
0,389220739;0,502609356;-2,25987275
0,551097175;1,174826931;-1,934304709
-1,635122637;-0,128300871;-1,236262547
0,204428091;-1,40255055;1,47849927
0,251946303;1,944909498;-1,346581068
-1,177547448;1,584806464;-2,378491155
-0,577037547;-1,227600101;1,916482293
1,971714761;0,684181883;3,323493528
-1,015319303;0,430678174;-0,401436962
1,227592548;0,887621162;0,587019117
0,443442815;-0,836955501;2,136024105
0,872447193;1,396425412;-1,565951102
0,420150597;0,052230429;-0,59343943
1,93332083;0,221943679;2,227127891
-1,702208451;-1,519632218;-0,42869598
1,056309292;-0,861075249;2,457266628
-0,664686311;1,904920308;-3,164218396
1,397151741;-1,82209413;3,194300282
1,286848754;-0,879737644;2,050849377
0,173361321;1,203534642;-0,914214317
0,541202548;0,124000758;0,448336946
1,829035626;-1,802766478;4,64540527
-1,185617748;-1,996859399;1,542289851
1,423797257;-1,716788584;2,892043145
0,375174255;0,921669261;-2,159728868
0,771100866;0,67689357;-0,643186827
1,368637795;1,730184061;-0,650763931
-0,638040066;1,581215521;-2,026743129
-0,721491464;1,228246527;-1,179703511
-0,762303441;-0,290483526;0,680054229
1,77551519;-0,071213137;2,399869633
0,46232691;1,710233413;-0,91911244
-0,91464961;1,873999156;-1,629609941
1,330088522;0,952418451;-0,009102448
-0,032742453;0,79577719;-0,451031662
-1,114579505;1,46184323;-1,790254023
-1,911299313;-0,812213468;-2,747646605
-1,482298316;1,963139539;-2,315891911
-1,885116384;0,387099598;-3,435296073
-1,248349046;-0,887502772;-0,692609385
-0,096003842;-0,964245309;1,473142124
1,889017529;1,527119257;0,899219216
-1,161231308;-0,3829832;0,17705545
-0,257071139;-1,125253235;1,115318923
-1,648589972;-1,032580901;0,462765076
1,251029835;-1,191296933;1,102215205
-1,901997458;-1,675363395;-1,247737501
1,186602364;-0,204952378;1,746241713
0,781117083;-0,708867695;1,26933129
-1,467360593;1,065558258;-3,678701988
1,47171206;1,97648942;-0,243142524
-0,183737805;-1,375706491;1,854333127
-1,587898561;0,478253074;-2,926551059
1,410104789;-1,511327908;3,394927369
1,382531871;1,830784461;0,399293921
0,95357885;1,105457837;-0,049733083
-1,219055867;-0,869951071;0,121060171
-1,432559165;-0,265386886;-1,495855702
-1,425918737;0,008038652;-1,305097463
1,870782553;0,161877942;2,843478767
-0,441970466;0,401171511;-1,999049706
-0,878259644;-0,938077073;-0,647500981
-0,837591333;-1,640910295;2,078816358
0,154561537;-0,924464823;1,175807348
-0,128943944;1,062059922;0,047441005
0,10495022;-1,531645558;2,05281161
0,650506351;0,262344463;0,166468544
1,125326214;-0,090816418;-0,102961682
-0,053270472;1,840140976;-1,344813992
0,724063165;0,553405661;-0,586983202
-0,865713821;0,489637052;-0,9500651
-0,891879587;0,038770028;-0,374202523
-0,347808349;-1,250737397;1,301691741
1,617097797;-0,606856034;3,110264143
1,266295127;0,737661735;0,675330376
-0,902915235;1,939629391;-2,112891312
1,496506833;-1,076467293;2,364497191
-0,015449891;1,877137894;-0,777284481
-1,259754386;-0,663092442;-0,533253811
-1,007470561;-1,651792606;1,254717833
1,049557833;0,471689658;-0,104840952
0,982713046;-0,551328742;0,463814858
-0,698077129;-0,443900181;0,358412701
0,606271358;-0,653787756;1,43364379
0,119440809;0,526488783;-0,684705238
0,036768399;1,337181077;-0,670211175
-1,458581037;1,235442161;-2,495468121
0,989112579;1,898168682;-2,067981529
-1,512962353;0,996481228;-2,468599999
-0,517831735;1,565407953;-2,352194315
1,735223673;0,180387314;2,920782969
-0,168793229;-0,867406072;0,406242571
-1,065162297;-1,532079522;1,016054745
1,876203856;-0,114257026;2,970049864
-0,308100336;1,310152406;-1,92737017
-1,733793255;-0,64486676;-2,891748234
-1,403046046;1,838323168;-3,744547747
-0,927078502;0,54355888;-0,728317653
1,333363711;0,132027526;0,510743951
0,530484478;-1,221410734;1,899230853
-1,429207318;-0,983038969;-0,344493784
-0,221853278;0,358359304;0,272106692
0,717327733;-0,078369219;1,171481366
-0,55905855;0,032068746;-0,842647408
1,867885933;-0,156001229;2,271552267
0,857062844;1,075639454;-0,708254819
0,186930392;-1,97027141;1,702070038
-1,305152149;-1,264796246;0,363004847
-1,365531918;0,580736907;-2,734947347
-1,838065194;-1,187254875;-1,360826529
-1,952728582;1,427234062;-4,962399096
1,908648806;0,347775649;0,612573035
0,93594431;-1,33236507;1,649967245
0,556646053;0,12299572;0,152675842
1,611474222;-0,826536294;2,866956731
-1,755754233;-0,803466721;-1,087389662
-0,078059275;1,998356951;-2,475857205
1,622546196;-0,398431615;2,64473662
-0,370800566;-1,854524634;2,114322426
0,938667018;1,222924795;-1,217945145
